{"cameraMode":{"drawMode":0,"name":"Shaded","section":"Shading Mode"},"sceneLighting":true,"audioPlay":false,"sceneViewState":{"m_AlwaysRefresh":false,"showFog":true,"showSkybox":true,"showFlares":true,"showImageEffects":true,"showParticleSystems":true,"showVisualEffectGraphs":true,"m_FxEnabled":true},"in2DMode":false,"pivot":{"x":-0.1459674835205078,"y":1.0919466018676758,"z":-4.372678756713867},"rotation":{"x":-0.20934359729290009,"y":-0.33709028363227847,"z":0.07712896913290024,"w":-0.9146329760551453},"size":19.25773048400879,"orthographic":false}