{"cameraMode":{"drawMode":0,"name":"Shaded","section":"Shading Mode"},"sceneLighting":false,"audioPlay":false,"sceneViewState":{"m_AlwaysRefresh":false,"showFog":true,"showSkybox":false,"showFlares":true,"showImageEffects":true,"showParticleSystems":true,"showVisualEffectGraphs":true,"m_FxEnabled":true},"in2DMode":false,"pivot":{"x":-1.2554184198379517,"y":1.1918772459030152,"z":-3.0939998626708986},"rotation":{"x":-0.1294049173593521,"y":-0.40795019268989565,"z":0.058510228991508487,"w":-0.9018996953964233},"size":6.613295078277588,"orthographic":false}